Model,Accuracy,Precision,Recall,F1-Score
LogisticRegression,0.9722222222222222,0.974074074074074,0.9722222222222222,0.9719701552732407
RandomForest,1.0,1.0,1.0,1.0
SVM,0.6944444444444444,0.5422705314009661,0.6944444444444444,0.5998498498498499
